000000000000000000000000000000,000000000000000000000000000001,models/anthill/terrrain005
000000000000000000000000000000,000000000000000000000000000001,noshader
000000000000000000000000000000,000000000000000000000000000001,models/anthill/terrrain004
000000000000000000000000000000,000000000000000000000000000001,models/anthill/terrrain003
000000000000000000000000000000,000000000000000000000000000001,models/anthill/terrrain002
000000000000000000000000000000,000000000000000000000000000001,models/anthill/terrrain001
000000000000000100110010100000,000000000000000000000000000000,textures/common-seeeker/caulk_ns
000000000000000000110000110000,000000000000000000000000000001,textures/anthill/misc_skybox
000000000000000000000000000000,000000000000000000000000000001,textures/NULL
000000000000000100000110010000,110000000000000000000000000000,textures/common-seeeker/hint
000000000000000100000010010000,110000000000000000000000000000,textures/common-seeeker/skip
000000000000001000110000100000,100000000000000000000000001000,textures/anthill/misc_lava
000000000000000100110010100000,100000000000000000000000000000,textures/common-seeeker/nodraw
000000000000000000110010110010,100000000000010000000000000000,textures/common-seeeker/playerclip_slick
000000000000000000000000000000,000000000000000000000000000001,models/anthill/crysltal275
000000000000000000000000000000,000000000000000000000000000001,models/anthill/crysltal274
000000000000000000000000000000,000000000000000000000000000001,models/anthill/crysltal273
000000000000000000000000000000,000000000000000000000000000001,models/anthill/crysltal272
000000000000000000000000000000,000000000000000000000000000001,models/anthill/crysltal271
000000000000000000000000000000,000000000000000000000000000001,models/anthill/crysltal270
000000000000000000000000000000,000000000000000000000000000001,models/anthill/crysltal269
000000000000000000000000000000,000000000000000000000000000001,models/anthill/crysltal268
000000000000000000000000000000,000000000000000000000000000001,models/anthill/crysltal267
000000000000000000000000000000,000000000000000000000000000001,models/anthill/crysltal266
000000000000000000000000000000,000000000000000000000000000001,models/anthill/crysltal265
000000000000000000000000000000,000000000000000000000000000001,models/anthill/crysltal264
000000000000000000000000000000,000000000000000000000000000001,models/anthill/crysltal263
000000000000000000000000000000,000000000000000000000000000001,models/anthill/crysltal262
000000000000000000000000000000,000000000000000000000000000001,models/anthill/crysltal261
000000000000000000000000000000,000000000000000000000000000001,models/anthill/crysltal260
000000000000000000000000000000,000000000000000000000000000001,models/anthill/crysltal259
000000000000000000000000000000,000000000000000000000000000001,models/anthill/crysltal258
000000000000000000000000000000,000000000000000000000000000001,models/anthill/crysltal257
000000000000000000000000000000,000000000000000000000000000001,models/anthill/crysltal256
000000000000000000000000000000,000000000000000000000000000001,models/anthill/crysltal255
000000000000000000000000000000,000000000000000000000000000001,models/anthill/crysltal254
000000000000000000000000000000,000000000000000000000000000001,models/anthill/crysltal253
000000000000000000000000000000,000000000000000000000000000001,models/anthill/crysltal252
000000000000000000000000000000,000000000000000000000000000001,models/anthill/crysltal251
000000000000000000000000000000,000000000000000000000000000001,models/anthill/crysltal250
000000000000000000000000000000,000000000000000000000000000001,models/anthill/crysltal249
000000000000000000000000000000,000000000000000000000000000001,models/anthill/crysltal248
000000000000000000000000000000,000000000000000000000000000001,models/anthill/crysltal247
000000000000000000000000000000,000000000000000000000000000001,models/anthill/crysltal246
000000000000000000000000000000,000000000000000000000000000001,models/anthill/crysltal245
000000000000000000000000000000,000000000000000000000000000001,models/anthill/crysltal244
000000000000000000000000000000,000000000000000000000000000001,models/anthill/crysltal243
000000000000000000000000000000,000000000000000000000000000001,models/anthill/crysltal242
000000000000000000000000000000,000000000000000000000000000001,models/anthill/crysltal241
000000000000000000000000000000,000000000000000000000000000001,models/anthill/crysltal240
000000000000000000000000000000,000000000000000000000000000001,models/anthill/crysltal239
000000000000000000000000000000,000000000000000000000000000001,models/anthill/crysltal238
000000000000000000000000000000,000000000000000000000000000001,models/anthill/crysltal237
000000000000000000000000000000,000000000000000000000000000001,models/anthill/crysltal236
000000000000000000000000000000,000000000000000000000000000001,models/anthill/crysltal235
000000000000000000000000000000,000000000000000000000000000001,models/anthill/crysltal234
000000000000000000000000000000,000000000000000000000000000001,models/anthill/crysltal233
000000000000000000000000000000,000000000000000000000000000001,models/anthill/crysltal232
000000000000000000000000000000,000000000000000000000000000001,models/anthill/crysltal231
000000000000000000000000000000,000000000000000000000000000001,models/anthill/crysltal230
000000000000000000000000000000,000000000000000000000000000001,models/anthill/crysltal229
000000000000000000000000000000,000000000000000000000000000001,models/anthill/crysltal228
000000000000000000000000000000,000000000000000000000000000001,models/anthill/crysltal227
000000000000000000000000000000,000000000000000000000000000001,models/anthill/crysltal226
000000000000000000000000000000,000000000000000000000000000001,models/anthill/crysltal225
000000000000000000000000000000,000000000000000000000000000001,models/anthill/crysltal224
000000000000000000000000000000,000000000000000000000000000001,models/anthill/crysltal223
000000000000000000000000000000,000000000000000000000000000001,models/anthill/crysltal222
000000000000000000000000000000,000000000000000000000000000001,models/anthill/crysltal221
000000000000000000000000000000,000000000000000000000000000001,models/anthill/crysltal220
000000000000000000000000000000,000000000000000000000000000001,models/anthill/crysltal219
000000000000000000000000000000,000000000000000000000000000001,models/anthill/crysltal218
000000000000000000000000000000,000000000000000000000000000001,models/anthill/crysltal217
000000000000000000000000000000,000000000000000000000000000001,models/anthill/crysltal216
000000000000000000000000000000,000000000000000000000000000001,models/anthill/crysltal215
000000000000000000000000000000,000000000000000000000000000001,models/anthill/crysltal214
000000000000000000000000000000,000000000000000000000000000001,models/anthill/crysltal213
000000000000000000000000000000,000000000000000000000000000001,models/anthill/crysltal212
000000000000000000000000000000,000000000000000000000000000001,models/anthill/crysltal211
000000000000000000000000000000,000000000000000000000000000001,models/anthill/crysltal210
000000000000000000000000000000,000000000000000000000000000001,models/anthill/crysltal209
000000000000000000000000000000,000000000000000000000000000001,models/anthill/crysltal208
000000000000000000000000000000,000000000000000000000000000001,models/anthill/crysltal207
000000000000000000000000000000,000000000000000000000000000001,models/anthill/crysltal206
000000000000000000000000000000,000000000000000000000000000001,models/anthill/crysltal205
000000000000000000000000000000,000000000000000000000000000001,models/anthill/crysltal204
000000000000000000000000000000,000000000000000000000000000001,models/anthill/crysltal203
000000000000000000000000000000,000000000000000000000000000001,models/anthill/crysltal202
000000000000000000000000000000,000000000000000000000000000001,models/anthill/crysltal201
000000000000000000000000000000,000000000000000000000000000001,models/anthill/crysltal200
000000000000000000000000000000,000000000000000000000000000001,models/anthill/crysltal199
000000000000000000000000000000,000000000000000000000000000001,models/anthill/crysltal198
000000000000000000000000000000,000000000000000000000000000001,models/anthill/crysltal197
000000000000000000000000000000,000000000000000000000000000001,models/anthill/crysltal196
000000000000000000000000000000,000000000000000000000000000001,models/anthill/crysltal195
000000000000000000000000000000,000000000000000000000000000001,models/anthill/crysltal194
000000000000000000000000000000,000000000000000000000000000001,models/anthill/crysltal193
000000000000000000000000000000,000000000000000000000000000001,models/anthill/crysltal192
000000000000000000000000000000,000000000000000000000000000001,models/anthill/crysltal191
000000000000000000000000000000,000000000000000000000000000001,models/anthill/crysltal190
000000000000000000000000000000,000000000000000000000000000001,models/anthill/crysltal189
000000000000000000000000000000,000000000000000000000000000001,models/anthill/crysltal188
000000000000000000000000000000,000000000000000000000000000001,models/anthill/crysltal187
000000000000000000000000000000,000000000000000000000000000001,models/anthill/crysltal186
000000000000000000000000000000,000000000000000000000000000001,models/anthill/crysltal185
000000000000000000000000000000,000000000000000000000000000001,models/anthill/crysltal184
000000000000000000000000000000,000000000000000000000000000001,models/anthill/crysltal183
000000000000000000000000000000,000000000000000000000000000001,models/anthill/crysltal182
000000000000000000000000000000,000000000000000000000000000001,models/anthill/crysltal181
000000000000000000000000000000,000000000000000000000000000001,models/anthill/crysltal180
000000000000000000000000000000,000000000000000000000000000001,models/anthill/crysltal179
000000000000000000000000000000,000000000000000000000000000001,models/anthill/crysltal178
000000000000000000000000000000,000000000000000000000000000001,models/anthill/crysltal177
000000000000000000000000000000,000000000000000000000000000001,models/anthill/crysltal176
000000000000000000000000000000,000000000000000000000000000001,models/anthill/crysltal175
000000000000000000000000000000,000000000000000000000000000001,models/anthill/crysltal174
000000000000000000000000000000,000000000000000000000000000001,models/anthill/crysltal173
000000000000000000000000000000,000000000000000000000000000001,models/anthill/crysltal172
000000000000000000000000000000,000000000000000000000000000001,models/anthill/crysltal171
000000000000000000000000000000,000000000000000000000000000001,models/anthill/crysltal170
000000000000000000000000000000,000000000000000000000000000001,models/anthill/crysltal169
000000000000000000000000000000,000000000000000000000000000001,models/anthill/crysltal168
000000000000000000000000000000,000000000000000000000000000001,models/anthill/crysltal167
000000000000000000000000000000,000000000000000000000000000001,models/anthill/crysltal166
000000000000000000000000000000,000000000000000000000000000001,models/anthill/crysltal165
000000000000000000000000000000,000000000000000000000000000001,models/anthill/crysltal164
000000000000000000000000000000,000000000000000000000000000001,models/anthill/crysltal163
000000000000000000000000000000,000000000000000000000000000001,models/anthill/crysltal162
000000000000000000000000000000,000000000000000000000000000001,models/anthill/crysltal161
000000000000000000000000000000,000000000000000000000000000001,models/anthill/crysltal160
000000000000000000000000000000,000000000000000000000000000001,models/anthill/crysltal159
000000000000000000000000000000,000000000000000000000000000001,models/anthill/crysltal158
000000000000000000000000000000,000000000000000000000000000001,models/anthill/crysltal157
000000000000000000000000000000,000000000000000000000000000001,models/anthill/crysltal156
000000000000000000000000000000,000000000000000000000000000001,models/anthill/crysltal155
000000000000000000000000000000,000000000000000000000000000001,models/anthill/crysltal154
000000000000000000000000000000,000000000000000000000000000001,models/anthill/crysltal153
000000000000000000000000000000,000000000000000000000000000001,models/anthill/crysltal152
000000000000000000000000000000,000000000000000000000000000001,models/anthill/crysltal151
000000000000000000000000000000,000000000000000000000000000001,models/anthill/crysltal150
000000000000000000000000000000,000000000000000000000000000001,models/anthill/crysltal149
000000000000000000000000000000,000000000000000000000000000001,models/anthill/crysltal148
000000000000000000000000000000,000000000000000000000000000001,models/anthill/crysltal147
000000000000000000000000000000,000000000000000000000000000001,models/anthill/crysltal146
000000000000000000000000000000,000000000000000000000000000001,models/anthill/crysltal145
000000000000000000000000000000,000000000000000000000000000001,models/anthill/crysltal144
000000000000000000000000000000,000000000000000000000000000001,models/anthill/crysltal143
000000000000000000000000000000,000000000000000000000000000001,models/anthill/crysltal142
000000000000000000000000000000,000000000000000000000000000001,models/anthill/crysltal141
000000000000000000000000000000,000000000000000000000000000001,models/anthill/crysltal140
000000000000000000000000000000,000000000000000000000000000001,models/anthill/crysltal139
000000000000000000000000000000,000000000000000000000000000001,models/anthill/crysltal138
000000000000000000000000000000,000000000000000000000000000001,models/anthill/crysltal137
000000000000000000000000000000,000000000000000000000000000001,models/anthill/crysltal136
000000000000000000000000000000,000000000000000000000000000001,models/anthill/crysltal135
000000000000000000000000000000,000000000000000000000000000001,models/anthill/crysltal134
000000000000000000000000000000,000000000000000000000000000001,models/anthill/crysltal133
000000000000000000000000000000,000000000000000000000000000001,models/anthill/crysltal132
000000000000000000000000000000,000000000000000000000000000001,models/anthill/crysltal131
000000000000000000000000000000,000000000000000000000000000001,models/anthill/crysltal130
000000000000000000000000000000,000000000000000000000000000001,models/anthill/crysltal129
000000000000000000000000000000,000000000000000000000000000001,models/anthill/crysltal128
000000000000000000000000000000,000000000000000000000000000001,models/anthill/crysltal127
000000000000000000000000000000,000000000000000000000000000001,models/anthill/crysltal126
000000000000000000000000000000,000000000000000000000000000001,models/anthill/crysltal125
000000000000000000000000000000,000000000000000000000000000001,models/anthill/crysltal124
000000000000000000000000000000,000000000000000000000000000001,models/anthill/crysltal123
000000000000000000000000000000,000000000000000000000000000001,models/anthill/crysltal122
000000000000000000000000000000,000000000000000000000000000001,models/anthill/crysltal121
000000000000000000000000000000,000000000000000000000000000001,models/anthill/crysltal120
000000000000000000000000000000,000000000000000000000000000001,models/anthill/crysltal119
000000000000000000000000000000,000000000000000000000000000001,models/anthill/crysltal118
000000000000000000000000000000,000000000000000000000000000001,models/anthill/crysltal117
000000000000000000000000000000,000000000000000000000000000001,models/anthill/crysltal116
000000000000000000000000000000,000000000000000000000000000001,models/anthill/crysltal115
000000000000000000000000000000,000000000000000000000000000001,models/anthill/crysltal114
000000000000000000000000000000,000000000000000000000000000001,models/anthill/crysltal113
000000000000000000000000000000,000000000000000000000000000001,models/anthill/crysltal112
000000000000000000000000000000,000000000000000000000000000001,models/anthill/crysltal111
000000000000000000000000000000,000000000000000000000000000001,models/anthill/crysltal110
000000000000000000000000000000,000000000000000000000000000001,models/anthill/crysltal109
000000000000000000000000000000,000000000000000000000000000001,models/anthill/crysltal108
000000000000000000000000000000,000000000000000000000000000001,models/anthill/crysltal107
000000000000000000000000000000,000000000000000000000000000001,models/anthill/crysltal106
000000000000000000000000000000,000000000000000000000000000001,models/anthill/crysltal105
000000000000000000000000000000,000000000000000000000000000001,models/anthill/crysltal104
000000000000000000000000000000,000000000000000000000000000001,models/anthill/crysltal103
000000000000000000000000000000,000000000000000000000000000001,models/anthill/crysltal102
000000000000000000000000000000,000000000000000000000000000001,models/anthill/crysltal101
000000000000000000000000000000,000000000000000000000000000001,models/anthill/crysltal100
000000000000000000000000000000,000000000000000000000000000001,models/anthill/crysltal099
000000000000000000000000000000,000000000000000000000000000001,models/anthill/crysltal098
000000000000000000000000000000,000000000000000000000000000001,models/anthill/crysltal097
000000000000000000000000000000,000000000000000000000000000001,models/anthill/crysltal096
000000000000000000000000000000,000000000000000000000000000001,models/anthill/crysltal095
000000000000000000000000000000,000000000000000000000000000001,models/anthill/crysltal094
000000000000000000000000000000,000000000000000000000000000001,models/anthill/crysltal093
000000000000000000000000000000,000000000000000000000000000001,models/anthill/crysltal092
000000000000000000000000000000,000000000000000000000000000001,models/anthill/crysltal091
000000000000000000000000000000,000000000000000000000000000001,models/anthill/crysltal090
000000000000000000000000000000,000000000000000000000000000001,models/anthill/crysltal089
000000000000000000000000000000,000000000000000000000000000001,models/anthill/crysltal088
000000000000000000000000000000,000000000000000000000000000001,models/anthill/crysltal087
000000000000000000000000000000,000000000000000000000000000001,models/anthill/crysltal086
000000000000000000000000000000,000000000000000000000000000001,models/anthill/crysltal085
000000000000000000000000000000,000000000000000000000000000001,models/anthill/crysltal084
000000000000000000000000000000,000000000000000000000000000001,models/anthill/crysltal083
000000000000000000000000000000,000000000000000000000000000001,models/anthill/crysltal082
000000000000000000000000000000,000000000000000000000000000001,models/anthill/crysltal081
000000000000000000000000000000,000000000000000000000000000001,models/anthill/crysltal080
000000000000000000000000000000,000000000000000000000000000001,models/anthill/crysltal079
000000000000000000000000000000,000000000000000000000000000001,models/anthill/crysltal078
000000000000000000000000000000,000000000000000000000000000001,models/anthill/crysltal077
000000000000000000000000000000,000000000000000000000000000001,models/anthill/crysltal076
000000000000000000000000000000,000000000000000000000000000001,models/anthill/crysltal075
000000000000000000000000000000,000000000000000000000000000001,models/anthill/crysltal074
000000000000000000000000000000,000000000000000000000000000001,models/anthill/crysltal073
000000000000000000000000000000,000000000000000000000000000001,models/anthill/crysltal072
000000000000000000000000000000,000000000000000000000000000001,models/anthill/crysltal071
000000000000000000000000000000,000000000000000000000000000001,models/anthill/crysltal070
000000000000000000000000000000,000000000000000000000000000001,models/anthill/crysltal069
000000000000000000000000000000,000000000000000000000000000001,models/anthill/crysltal068
000000000000000000000000000000,000000000000000000000000000001,models/anthill/crysltal067
000000000000000000000000000000,000000000000000000000000000001,models/anthill/crysltal066
000000000000000000000000000000,000000000000000000000000000001,models/anthill/crysltal065
000000000000000000000000000000,000000000000000000000000000001,models/anthill/crysltal064
000000000000000000000000000000,000000000000000000000000000001,models/anthill/crysltal063
000000000000000000000000000000,000000000000000000000000000001,models/anthill/crysltal062
000000000000000000000000000000,000000000000000000000000000001,models/anthill/crysltal061
000000000000000000000000000000,000000000000000000000000000001,models/anthill/crysltal060
000000000000000000000000000000,000000000000000000000000000001,models/anthill/crysltal059
000000000000000000000000000000,000000000000000000000000000001,models/anthill/crysltal058
000000000000000000000000000000,000000000000000000000000000001,models/anthill/crysltal057
000000000000000000000000000000,000000000000000000000000000001,models/anthill/crysltal056
000000000000000000000000000000,000000000000000000000000000001,models/anthill/crysltal055
000000000000000000000000000000,000000000000000000000000000001,models/anthill/crysltal053
000000000000000000000000000000,000000000000000000000000000001,models/anthill/crysltal052
000000000000000000000000000000,000000000000000000000000000001,models/anthill/crysltal051
000000000000000000000000000000,000000000000000000000000000001,models/anthill/crysltal050
000000000000000000000000000000,000000000000000000000000000001,models/anthill/crysltal049
000000000000000000000000000000,000000000000000000000000000001,models/anthill/crysltal048
000000000000000000000000000000,000000000000000000000000000001,models/anthill/crysltal047
000000000000000000000000000000,000000000000000000000000000001,models/anthill/crysltal046
000000000000000000000000000000,000000000000000000000000000001,models/anthill/crysltal045
000000000000000000000000000000,000000000000000000000000000001,models/anthill/crysltal044
000000000000000000000000000000,000000000000000000000000000001,models/anthill/crysltal043
000000000000000000000000000000,000000000000000000000000000001,models/anthill/crysltal042
000000000000000000000000000000,000000000000000000000000000001,models/anthill/crysltal041
000000000000000000000000000000,000000000000000000000000000001,models/anthill/crysltal040
000000000000000000000000000000,000000000000000000000000000001,models/anthill/crysltal039
000000000000000000000000000000,000000000000000000000000000001,models/anthill/crysltal038
000000000000000000000000000000,000000000000000000000000000001,models/anthill/crysltal037
000000000000000000000000000000,000000000000000000000000000001,models/anthill/crysltal036
000000000000000000000000000000,000000000000000000000000000001,models/anthill/crysltal035
000000000000000000000000000000,000000000000000000000000000001,models/anthill/crysltal034
000000000000000000000000000000,000000000000000000000000000001,models/anthill/crysltal033
000000000000000000000000000000,000000000000000000000000000001,models/anthill/crysltal032
000000000000000000000000000000,000000000000000000000000000001,models/anthill/crysltal030
000000000000000000000000000000,000000000000000000000000000001,models/anthill/crysltal029
000000000000000000000000000000,000000000000000000000000000001,models/anthill/crysltal027
000000000000000000000000000000,000000000000000000000000000001,models/anthill/crysltal026
000000000000000000000000000000,000000000000000000000000000001,models/anthill/crysltal025
000000000000000000000000000000,000000000000000000000000000001,models/anthill/crysltal024
000000000000000000000000000000,000000000000000000000000000001,models/anthill/crysltal022
000000000000000000000000000000,000000000000000000000000000001,models/anthill/crysltal021
000000000000000000000000000000,000000000000000000000000000001,models/anthill/crysltal020
000000000000000000000000000000,000000000000000000000000000001,models/anthill/crysltal018
000000000000000000000000000000,000000000000000000000000000001,models/anthill/crysltal017
000000000000000000000000000000,000000000000000000000000000001,models/anthill/crysltal016
000000000000000000000000000000,000000000000000000000000000001,models/anthill/crysltal015
000000000000000000000000000000,000000000000000000000000000001,models/anthill/crysltal014
000000000000000000000000000000,000000000000000000000000000001,models/anthill/crysltal013
000000000000000000000000000000,000000000000000000000000000001,models/anthill/crysltal012
000000000000000000000000000000,000000000000000000000000000001,models/anthill/crysltal011
000000000000000000000000000000,000000000000000000000000000001,models/anthill/crysltal010
000000000000000000000000000000,000000000000000000000000000001,models/anthill/crysltal009
000000000000000000000000000000,000000000000000000000000000001,models/anthill/crysltal008
000000000000000000000000000000,000000000000000000000000000001,models/anthill/crysltal007
000000000000000000000000000000,000000000000000000000000000001,models/anthill/crysltal006
000000000000000000000000000000,000000000000000000000000000001,models/anthill/crysltal005
000000000000000000000000000000,000000000000000000000000000001,models/anthill/crysltal004
000000000000000000000000000000,000000000000000000000000000001,models/anthill/crysltal003
